action,index,row
insert,37,"{'cost center': 'YT242', 'country code': 'YT'}"
insert,38,"{'cost center': 'YT242', 'country code': 'YT'}"
insert,39,"{'cost center': 'YT242', 'country code': 'YT'}"
insert,40,"{'cost center': 'YT242', 'country code': 'YT'}"
insert,41,"{'cost center': 'YT242', 'country code': 'YT'}"
insert,42,"{'cost center': 'YT242', 'country code': 'YT'}"
insert,43,"{'cost center': 'YT242', 'country code': 'YT'}"
insert,44,"{'cost center': 'YT242', 'country code': 'YT'}"
insert,45,"{'cost center': 'YT242', 'country code': 'YT'}"
insert,46,"{'cost center': 'YT242', 'country code': 'YT'}"
insert,47,"{'cost center': 'YT242', 'country code': 'YT'}"
insert,48,"{'cost center': 'YT242', 'country code': 'YT'}"
insert,49,"{'cost center': 'YT242', 'country code': 'YT'}"
insert,50,"{'cost center': 'YT242', 'country code': 'YT'}"
insert,51,"{'cost center': 'YT242', 'country code': 'YT'}"
insert,52,"{'cost center': 'YT242', 'country code': 'YT'}"
insert,53,"{'cost center': 'YT242', 'country code': 'YT'}"
insert,54,"{'cost center': 'YT242', 'country code': 'YT'}"
insert,55,"{'cost center': 'YT242', 'country code': 'YT'}"
insert,56,"{'cost center': 'YT242', 'country code': 'YT'}"
insert,57,"{'cost center': 'YT242', 'country code': 'YT'}"
insert,58,"{'cost center': 'YT242', 'country code': 'YT'}"
insert,59,"{'cost center': 'YT242', 'country code': 'YT'}"
insert,60,"{'cost center': 'YT242', 'country code': 'YT'}"
insert,61,"{'cost center': 'YT242', 'country code': 'YT'}"
insert,62,"{'cost center': 'YT242', 'country code': 'YT'}"
insert,63,"{'cost center': 'YT242', 'country code': 'YT'}"
insert,64,"{'cost center': 'YT242', 'country code': 'YT'}"
insert,65,"{'cost center': 'YT242', 'country code': 'YT'}"
insert,66,"{'cost center': 'YT242', 'country code': 'YT'}"
insert,67,"{'cost center': 'YT242', 'country code': 'YT'}"
insert,68,"{'cost center': 'YT242', 'country code': 'YT'}"
insert,69,"{'cost center': 'YT242', 'country code': 'YT'}"
insert,70,"{'cost center': 'YT242', 'country code': 'YT'}"
insert,71,"{'cost center': 'YT242', 'country code': 'YT'}"
insert,72,"{'cost center': 'YT242', 'country code': 'YT'}"
insert,73,"{'cost center': 'YT242', 'country code': 'YT'}"
insert,74,"{'cost center': '112638', 'country code': 'EG'}"
insert,75,"{'cost center': '112638', 'country code': 'EG'}"
insert,76,"{'cost center': '112638', 'country code': 'EG'}"
insert,77,"{'cost center': '112638', 'country code': 'EG'}"
insert,78,"{'cost center': '112638', 'country code': 'EG'}"
insert,79,"{'cost center': '112638', 'country code': 'EG'}"
insert,80,"{'cost center': '112638', 'country code': 'EG'}"
insert,81,"{'cost center': '112638', 'country code': 'EG'}"
insert,82,"{'cost center': '112638', 'country code': 'EG'}"
insert,83,"{'cost center': '112638', 'country code': 'EG'}"
insert,84,"{'cost center': '112638', 'country code': 'EG'}"
insert,85,"{'cost center': '112638', 'country code': 'EG'}"
insert,86,"{'cost center': '112638', 'country code': 'EG'}"
insert,87,"{'cost center': '112638', 'country code': 'EG'}"
insert,88,"{'cost center': '112638', 'country code': 'EG'}"
insert,89,"{'cost center': '112638', 'country code': 'EG'}"
insert,90,"{'cost center': '112638', 'country code': 'EG'}"
insert,91,"{'cost center': '112638', 'country code': 'EG'}"
insert,92,"{'cost center': '112638', 'country code': 'EG'}"
insert,93,"{'cost center': '112638', 'country code': 'EG'}"
insert,94,"{'cost center': '112638', 'country code': 'EG'}"
insert,95,"{'cost center': '112638', 'country code': 'EG'}"
insert,96,"{'cost center': '112638', 'country code': 'EG'}"
insert,97,"{'cost center': '112638', 'country code': 'EG'}"
insert,98,"{'cost center': '112638', 'country code': 'EG'}"
insert,99,"{'cost center': '112638', 'country code': 'EG'}"
insert,100,"{'cost center': '112638', 'country code': 'EG'}"
insert,101,"{'cost center': '112638', 'country code': 'EG'}"
insert,102,"{'cost center': '112638', 'country code': 'EG'}"
insert,103,"{'cost center': '112638', 'country code': 'EG'}"
insert,104,"{'cost center': '112638', 'country code': 'EG'}"
insert,105,"{'cost center': '112638', 'country code': 'EG'}"
insert,106,"{'cost center': '112638', 'country code': 'EG'}"
insert,107,"{'cost center': '112638', 'country code': 'EG'}"
insert,108,"{'cost center': '112638', 'country code': 'EG'}"
insert,109,"{'cost center': '112638', 'country code': 'EG'}"
insert,110,"{'cost center': '112638', 'country code': 'EG'}"
insert,111,"{'cost center': 'ER1112S001', 'country code': 'ER'}"
insert,112,"{'cost center': 'ER1112S001', 'country code': 'ER'}"
insert,113,"{'cost center': 'ER1112S001', 'country code': 'ER'}"
insert,114,"{'cost center': 'ER1112S001', 'country code': 'ER'}"
insert,115,"{'cost center': 'ER1112S001', 'country code': 'ER'}"
insert,116,"{'cost center': 'ER1112S001', 'country code': 'ER'}"
insert,117,"{'cost center': 'ER1112S001', 'country code': 'ER'}"
insert,118,"{'cost center': 'ER1112S001', 'country code': 'ER'}"
insert,119,"{'cost center': 'ER1112S001', 'country code': 'ER'}"
insert,120,"{'cost center': 'ER1112S001', 'country code': 'ER'}"
insert,121,"{'cost center': 'ER1112S001', 'country code': 'ER'}"
insert,122,"{'cost center': 'ER1112S001', 'country code': 'ER'}"
insert,123,"{'cost center': 'ER1112S001', 'country code': 'ER'}"
insert,124,"{'cost center': 'ER1112S001', 'country code': 'ER'}"
insert,125,"{'cost center': 'ER1112S001', 'country code': 'ER'}"
insert,126,"{'cost center': 'ER1112S001', 'country code': 'ER'}"
insert,127,"{'cost center': 'ER1112S001', 'country code': 'ER'}"
insert,128,"{'cost center': 'ER1112S001', 'country code': 'ER'}"
insert,129,"{'cost center': 'ER1112S001', 'country code': 'ER'}"
insert,130,"{'cost center': 'ER1112S001', 'country code': 'ER'}"
insert,131,"{'cost center': 'ER1112S001', 'country code': 'ER'}"
insert,132,"{'cost center': 'ER1112S001', 'country code': 'ER'}"
insert,133,"{'cost center': 'ER1112S001', 'country code': 'ER'}"
insert,134,"{'cost center': 'ER1112S001', 'country code': 'ER'}"
insert,135,"{'cost center': 'ER1112S001', 'country code': 'ER'}"
insert,136,"{'cost center': 'ER1112S001', 'country code': 'ER'}"
insert,137,"{'cost center': 'ER1112S001', 'country code': 'ER'}"
insert,138,"{'cost center': 'ER1112S001', 'country code': 'ER'}"
insert,139,"{'cost center': 'ER1112S001', 'country code': 'ER'}"
insert,140,"{'cost center': 'ER1112S001', 'country code': 'ER'}"
insert,141,"{'cost center': 'ER1112S001', 'country code': 'ER'}"
insert,142,"{'cost center': 'ER1112S001', 'country code': 'ER'}"
insert,143,"{'cost center': 'ER1112S001', 'country code': 'ER'}"
insert,144,"{'cost center': 'ER1112S001', 'country code': 'ER'}"
insert,145,"{'cost center': 'ER1112S001', 'country code': 'ER'}"
insert,146,"{'cost center': 'ER1112S001', 'country code': 'ER'}"
insert,147,"{'cost center': 'ER1112S001', 'country code': 'ER'}"
insert,148,"{'cost center': '100000', 'country code': 'ET'}"
insert,149,"{'cost center': '100000', 'country code': 'ET'}"
insert,150,"{'cost center': '100000', 'country code': 'ET'}"
insert,151,"{'cost center': '100000', 'country code': 'ET'}"
insert,152,"{'cost center': '100000', 'country code': 'ET'}"
insert,153,"{'cost center': '100000', 'country code': 'ET'}"
insert,154,"{'cost center': '100000', 'country code': 'ET'}"
insert,155,"{'cost center': '100000', 'country code': 'ET'}"
insert,156,"{'cost center': '100000', 'country code': 'ET'}"
insert,157,"{'cost center': '100000', 'country code': 'ET'}"
insert,158,"{'cost center': '100000', 'country code': 'ET'}"
insert,159,"{'cost center': '100000', 'country code': 'ET'}"
insert,160,"{'cost center': '100000', 'country code': 'ET'}"
insert,161,"{'cost center': '100000', 'country code': 'ET'}"
insert,162,"{'cost center': '100000', 'country code': 'ET'}"
insert,163,"{'cost center': '100000', 'country code': 'ET'}"
insert,164,"{'cost center': '100000', 'country code': 'ET'}"
insert,165,"{'cost center': '100000', 'country code': 'ET'}"
insert,166,"{'cost center': '100000', 'country code': 'ET'}"
insert,167,"{'cost center': '100000', 'country code': 'ET'}"
insert,168,"{'cost center': '100000', 'country code': 'ET'}"
insert,169,"{'cost center': '100000', 'country code': 'ET'}"
insert,170,"{'cost center': '100000', 'country code': 'ET'}"
insert,171,"{'cost center': '100000', 'country code': 'ET'}"
insert,172,"{'cost center': '100000', 'country code': 'ET'}"
insert,173,"{'cost center': '100000', 'country code': 'ET'}"
insert,174,"{'cost center': '100000', 'country code': 'ET'}"
insert,175,"{'cost center': '100000', 'country code': 'ET'}"
insert,176,"{'cost center': '100000', 'country code': 'ET'}"
insert,177,"{'cost center': '100000', 'country code': 'ET'}"
insert,178,"{'cost center': '100000', 'country code': 'ET'}"
insert,179,"{'cost center': '100000', 'country code': 'ET'}"
insert,180,"{'cost center': '100000', 'country code': 'ET'}"
insert,181,"{'cost center': '100000', 'country code': 'ET'}"
insert,182,"{'cost center': '100000', 'country code': 'ET'}"
insert,183,"{'cost center': '100000', 'country code': 'ET'}"
insert,184,"{'cost center': '100000', 'country code': 'ET'}"
insert,185,"{'cost center': 'MG111SAFIA', 'country code': 'MG'}"
insert,186,"{'cost center': 'MG111SAFIA', 'country code': 'MG'}"
insert,187,"{'cost center': 'MG111SAFIA', 'country code': 'MG'}"
insert,188,"{'cost center': 'MG111SAFIA', 'country code': 'MG'}"
insert,189,"{'cost center': 'MG111SAFIA', 'country code': 'MG'}"
insert,190,"{'cost center': 'MG111SAFIA', 'country code': 'MG'}"
insert,191,"{'cost center': 'MG111SAFIA', 'country code': 'MG'}"
insert,192,"{'cost center': 'MG111SAFIA', 'country code': 'MG'}"
insert,193,"{'cost center': 'MG111SAFIA', 'country code': 'MG'}"
insert,194,"{'cost center': 'MG111SAFIA', 'country code': 'MG'}"
insert,195,"{'cost center': 'MG111SAFIA', 'country code': 'MG'}"
insert,196,"{'cost center': 'MG111SAFIA', 'country code': 'MG'}"
insert,197,"{'cost center': 'MG111SAFIA', 'country code': 'MG'}"
insert,198,"{'cost center': 'MG111SAFIA', 'country code': 'MG'}"
insert,199,"{'cost center': 'MG111SAFIA', 'country code': 'MG'}"
insert,200,"{'cost center': 'MG111SAFIA', 'country code': 'MG'}"
insert,201,"{'cost center': 'MG111SAFIA', 'country code': 'MG'}"
insert,202,"{'cost center': 'MG111SAFIA', 'country code': 'MG'}"
insert,203,"{'cost center': 'MG111SAFIA', 'country code': 'MG'}"
insert,204,"{'cost center': 'MG111SAFIA', 'country code': 'MG'}"
insert,205,"{'cost center': 'MG111SAFIA', 'country code': 'MG'}"
insert,206,"{'cost center': 'MG111SAFIA', 'country code': 'MG'}"
insert,207,"{'cost center': 'MG111SAFIA', 'country code': 'MG'}"
insert,208,"{'cost center': 'MG111SAFIA', 'country code': 'MG'}"
insert,209,"{'cost center': 'MG111SAFIA', 'country code': 'MG'}"
insert,210,"{'cost center': 'MG111SAFIA', 'country code': 'MG'}"
insert,211,"{'cost center': 'MG111SAFIA', 'country code': 'MG'}"
insert,212,"{'cost center': 'MG111SAFIA', 'country code': 'MG'}"
insert,213,"{'cost center': 'MG111SAFIA', 'country code': 'MG'}"
insert,214,"{'cost center': 'MG111SAFIA', 'country code': 'MG'}"
insert,215,"{'cost center': 'MG111SAFIA', 'country code': 'MG'}"
insert,216,"{'cost center': 'MG111SAFIA', 'country code': 'MG'}"
insert,217,"{'cost center': 'MG111SAFIA', 'country code': 'MG'}"
insert,218,"{'cost center': 'MG111SAFIA', 'country code': 'MG'}"
insert,219,"{'cost center': 'MG111SAFIA', 'country code': 'MG'}"
insert,220,"{'cost center': 'MG111SAFIA', 'country code': 'MG'}"
insert,221,"{'cost center': 'MG111SAFIA', 'country code': 'MG'}"
insert,222,"{'cost center': 'MA111S4386', 'country code': 'MA'}"
insert,223,"{'cost center': 'MA111S4386', 'country code': 'MA'}"
insert,224,"{'cost center': 'MA111S4386', 'country code': 'MA'}"
insert,225,"{'cost center': 'MA111S4386', 'country code': 'MA'}"
insert,226,"{'cost center': 'MA111S4386', 'country code': 'MA'}"
insert,227,"{'cost center': 'MA111S4386', 'country code': 'MA'}"
insert,228,"{'cost center': 'MA111S4386', 'country code': 'MA'}"
insert,229,"{'cost center': 'MA111S4386', 'country code': 'MA'}"
insert,230,"{'cost center': 'MA111S4386', 'country code': 'MA'}"
insert,231,"{'cost center': 'MA111S4386', 'country code': 'MA'}"
insert,232,"{'cost center': 'MA111S4386', 'country code': 'MA'}"
insert,233,"{'cost center': 'MA111S4386', 'country code': 'MA'}"
insert,234,"{'cost center': 'MA111S4386', 'country code': 'MA'}"
insert,235,"{'cost center': 'MA111S4386', 'country code': 'MA'}"
insert,236,"{'cost center': 'MA111S4386', 'country code': 'MA'}"
insert,237,"{'cost center': 'MA111S4386', 'country code': 'MA'}"
insert,238,"{'cost center': 'MA111S4386', 'country code': 'MA'}"
insert,239,"{'cost center': 'MA111S4386', 'country code': 'MA'}"
insert,240,"{'cost center': 'MA111S4386', 'country code': 'MA'}"
insert,241,"{'cost center': 'MA111S4386', 'country code': 'MA'}"
insert,242,"{'cost center': 'MA111S4386', 'country code': 'MA'}"
insert,243,"{'cost center': 'MA111S4386', 'country code': 'MA'}"
insert,244,"{'cost center': 'MA111S4386', 'country code': 'MA'}"
insert,245,"{'cost center': 'MA111S4386', 'country code': 'MA'}"
insert,246,"{'cost center': 'MA111S4386', 'country code': 'MA'}"
insert,247,"{'cost center': 'MA111S4386', 'country code': 'MA'}"
insert,248,"{'cost center': 'MA111S4386', 'country code': 'MA'}"
insert,249,"{'cost center': 'MA111S4386', 'country code': 'MA'}"
insert,250,"{'cost center': 'MA111S4386', 'country code': 'MA'}"
insert,251,"{'cost center': 'MA111S4386', 'country code': 'MA'}"
insert,252,"{'cost center': 'MA111S4386', 'country code': 'MA'}"
insert,253,"{'cost center': 'MA111S4386', 'country code': 'MA'}"
insert,254,"{'cost center': 'MA111S4386', 'country code': 'MA'}"
insert,255,"{'cost center': 'MU111S2001', 'country code': 'MU'}"
insert,256,"{'cost center': 'MU111S2001', 'country code': 'MU'}"
insert,257,"{'cost center': 'MU111S2001', 'country code': 'MU'}"
insert,258,"{'cost center': 'MU111S2001', 'country code': 'MU'}"
insert,259,"{'cost center': 'MU111S2001', 'country code': 'MU'}"
insert,260,"{'cost center': 'MU111S2001', 'country code': 'MU'}"
insert,261,"{'cost center': 'MU111S2001', 'country code': 'MU'}"
insert,262,"{'cost center': 'MU111S2001', 'country code': 'MU'}"
insert,263,"{'cost center': 'MU111S2001', 'country code': 'MU'}"
insert,264,"{'cost center': 'MU111S2001', 'country code': 'MU'}"
insert,265,"{'cost center': 'MU111S2001', 'country code': 'MU'}"
insert,266,"{'cost center': 'MU111S2001', 'country code': 'MU'}"
insert,267,"{'cost center': 'MU111S2001', 'country code': 'MU'}"
insert,268,"{'cost center': 'MU111S2001', 'country code': 'MU'}"
insert,269,"{'cost center': 'MU111S2001', 'country code': 'MU'}"
insert,270,"{'cost center': 'MU111S2001', 'country code': 'MU'}"
insert,271,"{'cost center': 'MU111S2001', 'country code': 'MU'}"
insert,272,"{'cost center': 'MU111S2001', 'country code': 'MU'}"
insert,273,"{'cost center': 'MU111S2001', 'country code': 'MU'}"
insert,274,"{'cost center': 'MU111S2001', 'country code': 'MU'}"
insert,275,"{'cost center': 'MU111S2001', 'country code': 'MU'}"
insert,276,"{'cost center': 'MU111S2001', 'country code': 'MU'}"
insert,277,"{'cost center': 'MU111S2001', 'country code': 'MU'}"
insert,278,"{'cost center': 'MU111S2001', 'country code': 'MU'}"
insert,279,"{'cost center': 'MU111S2001', 'country code': 'MU'}"
insert,280,"{'cost center': 'MU111S2001', 'country code': 'MU'}"
insert,281,"{'cost center': 'MU111S2001', 'country code': 'MU'}"
insert,282,"{'cost center': 'MU111S2001', 'country code': 'MU'}"
insert,283,"{'cost center': 'MU111S2001', 'country code': 'MU'}"
insert,284,"{'cost center': 'MU111S2001', 'country code': 'MU'}"
insert,285,"{'cost center': 'MU111S2001', 'country code': 'MU'}"
insert,286,"{'cost center': 'MU111S2001', 'country code': 'MU'}"
insert,287,"{'cost center': 'MU111S2001', 'country code': 'MU'}"
insert,288,"{'cost center': 'MU111S2001', 'country code': 'MU'}"
insert,289,"{'cost center': 'MU111S2001', 'country code': 'MU'}"
insert,401,"{'cost center': 'TD111S0001', 'country code': 'TD'}"
insert,402,"{'cost center': 'TD111S0001', 'country code': 'TD'}"
insert,403,"{'cost center': 'TD111S0001', 'country code': 'TD'}"
insert,404,"{'cost center': 'TD111S0001', 'country code': 'TD'}"
insert,405,"{'cost center': 'TD111S0001', 'country code': 'TD'}"
insert,406,"{'cost center': 'TD111S0001', 'country code': 'TD'}"
insert,407,"{'cost center': 'TD111S0001', 'country code': 'TD'}"
insert,408,"{'cost center': 'TD111S0001', 'country code': 'TD'}"
insert,409,"{'cost center': 'TD111S0001', 'country code': 'TD'}"
insert,410,"{'cost center': 'TD111S0001', 'country code': 'TD'}"
insert,411,"{'cost center': 'TD111S0001', 'country code': 'TD'}"
insert,412,"{'cost center': 'TD111S0001', 'country code': 'TD'}"
insert,413,"{'cost center': 'TD111S0001', 'country code': 'TD'}"
insert,414,"{'cost center': 'TD111S0001', 'country code': 'TD'}"
insert,415,"{'cost center': 'TD111S0001', 'country code': 'TD'}"
insert,416,"{'cost center': 'TD111S0001', 'country code': 'TD'}"
insert,417,"{'cost center': 'TD111S0001', 'country code': 'TD'}"
insert,418,"{'cost center': 'TD111S0001', 'country code': 'TD'}"
insert,419,"{'cost center': 'TD111S0001', 'country code': 'TD'}"
insert,420,"{'cost center': 'TD111S0001', 'country code': 'TD'}"
insert,421,"{'cost center': 'TD111S0001', 'country code': 'TD'}"
insert,422,"{'cost center': 'TD111S0001', 'country code': 'TD'}"
insert,423,"{'cost center': 'TD111S0001', 'country code': 'TD'}"
insert,424,"{'cost center': 'TD111S0001', 'country code': 'TD'}"
insert,425,"{'cost center': 'TD111S0001', 'country code': 'TD'}"
insert,426,"{'cost center': 'TD111S0001', 'country code': 'TD'}"
insert,427,"{'cost center': 'TD111S0001', 'country code': 'TD'}"
insert,428,"{'cost center': 'TD111S0001', 'country code': 'TD'}"
insert,429,"{'cost center': 'TD111S0001', 'country code': 'TD'}"
insert,430,"{'cost center': 'TD111S0001', 'country code': 'TD'}"
insert,431,"{'cost center': 'TD111S0001', 'country code': 'TD'}"
insert,432,"{'cost center': 'TD111S0001', 'country code': 'TD'}"
insert,433,"{'cost center': 'TD111S0001', 'country code': 'TD'}"
insert,434,"{'cost center': 'TD111S0001', 'country code': 'TD'}"
insert,435,"{'cost center': 'TD111S0001', 'country code': 'TD'}"
insert,436,"{'cost center': 'TD111S0001', 'country code': 'TD'}"
insert,437,"{'cost center': 'TD111S0001', 'country code': 'TD'}"
insert,438,"{'cost center': 'SN111S3081', 'country code': 'SN'}"
insert,439,"{'cost center': 'SN111S3081', 'country code': 'SN'}"
insert,440,"{'cost center': 'SN111S3081', 'country code': 'SN'}"
insert,441,"{'cost center': 'SN111S3081', 'country code': 'SN'}"
insert,442,"{'cost center': 'SN111S3081', 'country code': 'SN'}"
insert,443,"{'cost center': 'SN111S3081', 'country code': 'SN'}"
insert,444,"{'cost center': 'SN111S3081', 'country code': 'SN'}"
insert,445,"{'cost center': 'SN111S3081', 'country code': 'SN'}"
insert,446,"{'cost center': 'SN111S3081', 'country code': 'SN'}"
insert,447,"{'cost center': 'SN111S3081', 'country code': 'SN'}"
insert,448,"{'cost center': 'SN111S3081', 'country code': 'SN'}"
insert,449,"{'cost center': 'SN111S3081', 'country code': 'SN'}"
insert,450,"{'cost center': 'SN111S3081', 'country code': 'SN'}"
insert,451,"{'cost center': 'SN111S3081', 'country code': 'SN'}"
insert,452,"{'cost center': 'SN111S3081', 'country code': 'SN'}"
insert,453,"{'cost center': 'SN111S3081', 'country code': 'SN'}"
insert,454,"{'cost center': 'SN111S3081', 'country code': 'SN'}"
insert,455,"{'cost center': 'SN111S3081', 'country code': 'SN'}"
insert,456,"{'cost center': 'SN111S3081', 'country code': 'SN'}"
insert,457,"{'cost center': 'SN111S3081', 'country code': 'SN'}"
insert,458,"{'cost center': 'SN111S3081', 'country code': 'SN'}"
insert,459,"{'cost center': 'SN111S3081', 'country code': 'SN'}"
insert,460,"{'cost center': 'SN111S3081', 'country code': 'SN'}"
insert,461,"{'cost center': 'SN111S3081', 'country code': 'SN'}"
insert,462,"{'cost center': 'SN111S3081', 'country code': 'SN'}"
insert,463,"{'cost center': 'SN111S3081', 'country code': 'SN'}"
insert,464,"{'cost center': 'SN111S3081', 'country code': 'SN'}"
insert,465,"{'cost center': 'SN111S3081', 'country code': 'SN'}"
insert,466,"{'cost center': 'SN111S3081', 'country code': 'SN'}"
insert,467,"{'cost center': 'SN111S3081', 'country code': 'SN'}"
insert,468,"{'cost center': 'SN111S3081', 'country code': 'SN'}"
insert,469,"{'cost center': 'SN111S3081', 'country code': 'SN'}"
insert,470,"{'cost center': 'SN111S3081', 'country code': 'SN'}"
insert,471,"{'cost center': 'SN111S3081', 'country code': 'SN'}"
insert,472,"{'cost center': 'SN111S3081', 'country code': 'SN'}"
insert,473,"{'cost center': 'SN111S3081', 'country code': 'SN'}"
insert,474,"{'cost center': 'SN111S3081', 'country code': 'SN'}"
insert,475,"{'cost center': 'ML111S0100', 'country code': 'ML'}"
insert,476,"{'cost center': 'ML111S0100', 'country code': 'ML'}"
insert,477,"{'cost center': 'ML111S0100', 'country code': 'ML'}"
insert,478,"{'cost center': 'ML111S0100', 'country code': 'ML'}"
insert,479,"{'cost center': 'ML111S0100', 'country code': 'ML'}"
insert,480,"{'cost center': 'ML111S0100', 'country code': 'ML'}"
insert,481,"{'cost center': 'ML111S0100', 'country code': 'ML'}"
insert,482,"{'cost center': 'ML111S0100', 'country code': 'ML'}"
insert,483,"{'cost center': 'ML111S0100', 'country code': 'ML'}"
insert,484,"{'cost center': 'ML111S0100', 'country code': 'ML'}"
insert,485,"{'cost center': 'ML111S0100', 'country code': 'ML'}"
insert,486,"{'cost center': 'ML111S0100', 'country code': 'ML'}"
insert,487,"{'cost center': 'ML111S0100', 'country code': 'ML'}"
insert,488,"{'cost center': 'ML111S0100', 'country code': 'ML'}"
insert,489,"{'cost center': 'ML111S0100', 'country code': 'ML'}"
insert,490,"{'cost center': 'ML111S0100', 'country code': 'ML'}"
insert,491,"{'cost center': 'ML111S0100', 'country code': 'ML'}"
insert,492,"{'cost center': 'ML111S0100', 'country code': 'ML'}"
insert,493,"{'cost center': 'ML111S0100', 'country code': 'ML'}"
insert,494,"{'cost center': 'ML111S0100', 'country code': 'ML'}"
insert,495,"{'cost center': 'ML111S0100', 'country code': 'ML'}"
insert,496,"{'cost center': 'ML111S0100', 'country code': 'ML'}"
insert,497,"{'cost center': 'ML111S0100', 'country code': 'ML'}"
insert,498,"{'cost center': 'ML111S0100', 'country code': 'ML'}"
insert,499,"{'cost center': 'ML111S0100', 'country code': 'ML'}"
insert,500,"{'cost center': 'ML111S0100', 'country code': 'ML'}"
insert,501,"{'cost center': 'ML111S0100', 'country code': 'ML'}"
insert,502,"{'cost center': 'ML111S0100', 'country code': 'ML'}"
insert,503,"{'cost center': 'ML111S0100', 'country code': 'ML'}"
insert,504,"{'cost center': 'ML111S0100', 'country code': 'ML'}"
insert,505,"{'cost center': 'ML111S0100', 'country code': 'ML'}"
insert,506,"{'cost center': 'ML111S0100', 'country code': 'ML'}"
insert,507,"{'cost center': 'ML111S0100', 'country code': 'ML'}"
insert,508,"{'cost center': 'ML111S0100', 'country code': 'ML'}"
insert,509,"{'cost center': 'ML111S0100', 'country code': 'ML'}"
insert,547,"{'cost center': nan, 'country code': 'CE'}"
insert,548,"{'cost center': nan, 'country code': 'CE'}"
insert,549,"{'cost center': nan, 'country code': 'CE'}"
insert,550,"{'cost center': nan, 'country code': 'CE'}"
insert,551,"{'cost center': nan, 'country code': 'CE'}"
insert,552,"{'cost center': nan, 'country code': 'CE'}"
insert,553,"{'cost center': nan, 'country code': 'CE'}"
insert,554,"{'cost center': nan, 'country code': 'CE'}"
insert,555,"{'cost center': nan, 'country code': 'CE'}"
insert,556,"{'cost center': nan, 'country code': 'CE'}"
insert,557,"{'cost center': nan, 'country code': 'CE'}"
insert,558,"{'cost center': nan, 'country code': 'CE'}"
insert,559,"{'cost center': nan, 'country code': 'CE'}"
insert,560,"{'cost center': nan, 'country code': 'CE'}"
insert,561,"{'cost center': nan, 'country code': 'CE'}"
insert,562,"{'cost center': nan, 'country code': 'CE'}"
insert,563,"{'cost center': nan, 'country code': 'CE'}"
insert,564,"{'cost center': nan, 'country code': 'CE'}"
insert,565,"{'cost center': nan, 'country code': 'CE'}"
insert,566,"{'cost center': nan, 'country code': 'CE'}"
insert,567,"{'cost center': nan, 'country code': 'CE'}"
insert,568,"{'cost center': nan, 'country code': 'CE'}"
insert,569,"{'cost center': nan, 'country code': 'CE'}"
insert,570,"{'cost center': nan, 'country code': 'CE'}"
insert,571,"{'cost center': nan, 'country code': 'CE'}"
insert,572,"{'cost center': nan, 'country code': 'CE'}"
insert,573,"{'cost center': nan, 'country code': 'CE'}"
insert,574,"{'cost center': nan, 'country code': 'CE'}"
insert,575,"{'cost center': nan, 'country code': 'CE'}"
insert,576,"{'cost center': nan, 'country code': 'CE'}"
insert,577,"{'cost center': nan, 'country code': 'CE'}"
insert,578,"{'cost center': nan, 'country code': 'CE'}"
insert,579,"{'cost center': nan, 'country code': 'CE'}"
insert,580,"{'cost center': nan, 'country code': 'CE'}"
insert,581,"{'cost center': nan, 'country code': 'CE'}"
insert,616,"{'cost center': '1000/GN111S0001', 'country code': 'GN'}"
insert,617,"{'cost center': '1000/GN111S0001', 'country code': 'GN'}"
insert,618,"{'cost center': '1000/GN111S0001', 'country code': 'GN'}"
insert,619,"{'cost center': '1000/GN111S0001', 'country code': 'GN'}"
insert,620,"{'cost center': '1000/GN111S0001', 'country code': 'GN'}"
insert,621,"{'cost center': '1000/GN111S0001', 'country code': 'GN'}"
insert,622,"{'cost center': '1000/GN111S0001', 'country code': 'GN'}"
insert,623,"{'cost center': '1000/GN111S0001', 'country code': 'GN'}"
insert,624,"{'cost center': '1000/GN111S0001', 'country code': 'GN'}"
insert,625,"{'cost center': '1000/GN111S0001', 'country code': 'GN'}"
insert,626,"{'cost center': '1000/GN111S0001', 'country code': 'GN'}"
insert,627,"{'cost center': '1000/GN111S0001', 'country code': 'GN'}"
insert,628,"{'cost center': '1000/GN111S0001', 'country code': 'GN'}"
insert,629,"{'cost center': '1000/GN111S0001', 'country code': 'GN'}"
insert,630,"{'cost center': '1000/GN111S0001', 'country code': 'GN'}"
insert,631,"{'cost center': '1000/GN111S0001', 'country code': 'GN'}"
insert,632,"{'cost center': '1000/GN111S0001', 'country code': 'GN'}"
insert,633,"{'cost center': '1000/GN111S0001', 'country code': 'GN'}"
insert,634,"{'cost center': '1000/GN111S0001', 'country code': 'GN'}"
insert,635,"{'cost center': '1000/GN111S0001', 'country code': 'GN'}"
insert,636,"{'cost center': '1000/GN111S0001', 'country code': 'GN'}"
insert,637,"{'cost center': '1000/GN111S0001', 'country code': 'GN'}"
insert,638,"{'cost center': '1000/GN111S0001', 'country code': 'GN'}"
insert,639,"{'cost center': '1000/GN111S0001', 'country code': 'GN'}"
insert,640,"{'cost center': '1000/GN111S0001', 'country code': 'GN'}"
insert,641,"{'cost center': '1000/GN111S0001', 'country code': 'GN'}"
insert,642,"{'cost center': '1000/GN111S0001', 'country code': 'GN'}"
insert,643,"{'cost center': '1000/GN111S0001', 'country code': 'GN'}"
insert,644,"{'cost center': '1000/GN111S0001', 'country code': 'GN'}"
insert,645,"{'cost center': '1000/GN111S0001', 'country code': 'GN'}"
insert,646,"{'cost center': '1000/GN111S0001', 'country code': 'GN'}"
insert,647,"{'cost center': '1000/GN111S0001', 'country code': 'GN'}"
insert,648,"{'cost center': '1000/GN111S0001', 'country code': 'GN'}"
insert,649,"{'cost center': '1000/GN111S0001', 'country code': 'GN'}"
insert,650,"{'cost center': '1000/GN111S0001', 'country code': 'GN'}"
insert,651,"{'cost center': '1000/GN111S0001', 'country code': 'GN'}"
insert,652,"{'cost center': '1000/GN111S0001', 'country code': 'GN'}"
insert,653,"{'cost center': nan, 'country code': 'ZA'}"
insert,654,"{'cost center': nan, 'country code': 'ZA'}"
insert,655,"{'cost center': nan, 'country code': 'ZA'}"
insert,656,"{'cost center': nan, 'country code': 'ZA'}"
insert,657,"{'cost center': nan, 'country code': 'ZA'}"
insert,658,"{'cost center': nan, 'country code': 'ZA'}"
insert,659,"{'cost center': nan, 'country code': 'ZA'}"
insert,660,"{'cost center': nan, 'country code': 'ZA'}"
insert,661,"{'cost center': nan, 'country code': 'ZA'}"
insert,662,"{'cost center': nan, 'country code': 'ZA'}"
insert,663,"{'cost center': nan, 'country code': 'ZA'}"
insert,664,"{'cost center': nan, 'country code': 'ZA'}"
insert,665,"{'cost center': nan, 'country code': 'ZA'}"
insert,666,"{'cost center': nan, 'country code': 'ZA'}"
insert,667,"{'cost center': nan, 'country code': 'ZA'}"
insert,668,"{'cost center': nan, 'country code': 'ZA'}"
insert,669,"{'cost center': nan, 'country code': 'ZA'}"
insert,670,"{'cost center': nan, 'country code': 'ZA'}"
insert,671,"{'cost center': nan, 'country code': 'ZA'}"
insert,672,"{'cost center': nan, 'country code': 'ZA'}"
insert,673,"{'cost center': nan, 'country code': 'ZA'}"
insert,674,"{'cost center': nan, 'country code': 'ZA'}"
insert,675,"{'cost center': nan, 'country code': 'ZA'}"
insert,676,"{'cost center': nan, 'country code': 'ZA'}"
insert,677,"{'cost center': nan, 'country code': 'ZA'}"
insert,678,"{'cost center': nan, 'country code': 'ZA'}"
insert,679,"{'cost center': nan, 'country code': 'ZA'}"
insert,680,"{'cost center': nan, 'country code': 'ZA'}"
insert,681,"{'cost center': nan, 'country code': 'ZA'}"
insert,682,"{'cost center': nan, 'country code': 'ZA'}"
insert,683,"{'cost center': nan, 'country code': 'ZA'}"
insert,684,"{'cost center': nan, 'country code': 'ZA'}"
insert,685,"{'cost center': nan, 'country code': 'ZA'}"
insert,686,"{'cost center': nan, 'country code': 'ZA'}"
insert,687,"{'cost center': 'BW111S0009 - 154167', 'country code': 'BW'}"
insert,688,"{'cost center': 'BW111S0009 - 154167', 'country code': 'BW'}"
insert,689,"{'cost center': 'BW111S0009 - 154167', 'country code': 'BW'}"
insert,690,"{'cost center': 'BW111S0009 - 154167', 'country code': 'BW'}"
insert,691,"{'cost center': 'BW111S0009 - 154167', 'country code': 'BW'}"
insert,692,"{'cost center': 'BW111S0009 - 154167', 'country code': 'BW'}"
insert,693,"{'cost center': 'BW111S0009 - 154167', 'country code': 'BW'}"
insert,694,"{'cost center': 'BW111S0009 - 154167', 'country code': 'BW'}"
insert,695,"{'cost center': 'BW111S0009 - 154167', 'country code': 'BW'}"
insert,696,"{'cost center': 'BW111S0009 - 154167', 'country code': 'BW'}"
insert,697,"{'cost center': 'BW111S0009 - 154167', 'country code': 'BW'}"
insert,698,"{'cost center': 'BW111S0009 - 154167', 'country code': 'BW'}"
insert,699,"{'cost center': 'BW111S0009 - 154167', 'country code': 'BW'}"
insert,700,"{'cost center': 'BW111S0009 - 154167', 'country code': 'BW'}"
insert,701,"{'cost center': 'BW111S0009 - 154167', 'country code': 'BW'}"
insert,702,"{'cost center': 'BW111S0009 - 154167', 'country code': 'BW'}"
insert,703,"{'cost center': 'BW111S0009 - 154167', 'country code': 'BW'}"
insert,704,"{'cost center': 'BW111S0009 - 154167', 'country code': 'BW'}"
insert,705,"{'cost center': 'BW111S0009 - 154167', 'country code': 'BW'}"
insert,706,"{'cost center': 'BW111S0009 - 154167', 'country code': 'BW'}"
insert,707,"{'cost center': 'BW111S0009 - 154167', 'country code': 'BW'}"
insert,708,"{'cost center': 'BW111S0009 - 154167', 'country code': 'BW'}"
insert,709,"{'cost center': 'BW111S0009 - 154167', 'country code': 'BW'}"
insert,710,"{'cost center': 'BW111S0009 - 154167', 'country code': 'BW'}"
insert,711,"{'cost center': 'BW111S0009 - 154167', 'country code': 'BW'}"
insert,712,"{'cost center': 'BW111S0009 - 154167', 'country code': 'BW'}"
insert,713,"{'cost center': 'BW111S0009 - 154167', 'country code': 'BW'}"
insert,714,"{'cost center': 'BW111S0009 - 154167', 'country code': 'BW'}"
insert,715,"{'cost center': 'BW111S0009 - 154167', 'country code': 'BW'}"
insert,716,"{'cost center': 'BW111S0009 - 154167', 'country code': 'BW'}"
insert,717,"{'cost center': 'BW111S0009 - 154167', 'country code': 'BW'}"
insert,718,"{'cost center': 'BW111S0009 - 154167', 'country code': 'BW'}"
insert,719,"{'cost center': 'BW111S0009 - 154167', 'country code': 'BW'}"
insert,720,"{'cost center': 'BW111S0009 - 154167', 'country code': 'BW'}"
insert,721,"{'cost center': 'BW111S0009 - 154167', 'country code': 'BW'}"
insert,722,"{'cost center': 'BW111S0009 - 154167', 'country code': 'BW'}"
insert,723,"{'cost center': 'BW111S0009 - 154167', 'country code': 'BW'}"
insert,724,"{'cost center': 'SZ111S0005', 'country code': 'Eswatini'}"
insert,725,"{'cost center': 'SZ111S0005', 'country code': 'Eswatini'}"
insert,726,"{'cost center': 'SZ111S0005', 'country code': 'Eswatini'}"
insert,727,"{'cost center': 'SZ111S0005', 'country code': 'Eswatini'}"
insert,728,"{'cost center': 'SZ111S0005', 'country code': 'Eswatini'}"
insert,729,"{'cost center': 'SZ111S0005', 'country code': 'Eswatini'}"
insert,730,"{'cost center': 'SZ111S0005', 'country code': 'Eswatini'}"
insert,731,"{'cost center': 'SZ111S0005', 'country code': 'Eswatini'}"
insert,732,"{'cost center': 'SZ111S0005', 'country code': 'Eswatini'}"
insert,733,"{'cost center': 'SZ111S0005', 'country code': 'Eswatini'}"
insert,734,"{'cost center': 'SZ111S0005', 'country code': 'Eswatini'}"
insert,735,"{'cost center': 'SZ111S0005', 'country code': 'Eswatini'}"
insert,736,"{'cost center': 'SZ111S0005', 'country code': 'Eswatini'}"
insert,737,"{'cost center': 'SZ111S0005', 'country code': 'Eswatini'}"
insert,738,"{'cost center': 'SZ111S0005', 'country code': 'Eswatini'}"
insert,739,"{'cost center': 'SZ111S0005', 'country code': 'Eswatini'}"
insert,740,"{'cost center': 'SZ111S0005', 'country code': 'Eswatini'}"
insert,741,"{'cost center': 'SZ111S0005', 'country code': 'Eswatini'}"
insert,742,"{'cost center': 'SZ111S0005', 'country code': 'Eswatini'}"
insert,743,"{'cost center': 'SZ111S0005', 'country code': 'Eswatini'}"
insert,744,"{'cost center': 'SZ111S0005', 'country code': 'Eswatini'}"
insert,745,"{'cost center': 'SZ111S0005', 'country code': 'Eswatini'}"
insert,746,"{'cost center': 'SZ111S0005', 'country code': 'Eswatini'}"
insert,747,"{'cost center': 'SZ111S0005', 'country code': 'Eswatini'}"
insert,748,"{'cost center': 'SZ111S0005', 'country code': 'Eswatini'}"
insert,749,"{'cost center': 'SZ111S0005', 'country code': 'Eswatini'}"
insert,750,"{'cost center': 'SZ111S0005', 'country code': 'Eswatini'}"
insert,751,"{'cost center': 'SZ111S0005', 'country code': 'Eswatini'}"
insert,752,"{'cost center': 'SZ111S0005', 'country code': 'Eswatini'}"
insert,753,"{'cost center': 'SZ111S0005', 'country code': 'Eswatini'}"
insert,754,"{'cost center': 'SZ111S0005', 'country code': 'Eswatini'}"
insert,755,"{'cost center': 'SZ111S0005', 'country code': 'Eswatini'}"
insert,756,"{'cost center': 'SZ111S0005', 'country code': 'Eswatini'}"
insert,757,"{'cost center': 'SZ111S0005', 'country code': 'Eswatini'}"
insert,758,"{'cost center': 'SZ111S0005', 'country code': 'Eswatini'}"
insert,759,"{'cost center': 'SZ111S0005', 'country code': 'Eswatini'}"
insert,760,"{'cost center': 'SZ111S0005', 'country code': 'Eswatini'}"
insert,798,"{'cost center': 'AO111S2001', 'country code': 'AO'}"
insert,799,"{'cost center': 'AO111S2001', 'country code': 'AO'}"
insert,800,"{'cost center': 'AO111S2001', 'country code': 'AO'}"
insert,801,"{'cost center': 'AO111S2001', 'country code': 'AO'}"
insert,802,"{'cost center': 'AO111S2001', 'country code': 'AO'}"
insert,803,"{'cost center': 'AO111S2001', 'country code': 'AO'}"
insert,804,"{'cost center': 'AO111S2001', 'country code': 'AO'}"
insert,805,"{'cost center': 'AO111S2001', 'country code': 'AO'}"
insert,806,"{'cost center': 'AO111S2001', 'country code': 'AO'}"
insert,807,"{'cost center': 'AO111S2001', 'country code': 'AO'}"
insert,808,"{'cost center': 'AO111S2001', 'country code': 'AO'}"
insert,809,"{'cost center': 'AO111S2001', 'country code': 'AO'}"
insert,810,"{'cost center': 'AO111S2001', 'country code': 'AO'}"
insert,811,"{'cost center': 'AO111S2001', 'country code': 'AO'}"
insert,812,"{'cost center': 'MZ111S4201', 'country code': 'MZ'}"
insert,813,"{'cost center': 'MZ111S4201', 'country code': 'MZ'}"
insert,814,"{'cost center': 'MZ111S4201', 'country code': 'MZ'}"
insert,815,"{'cost center': 'MZ111S4201', 'country code': 'MZ'}"
insert,816,"{'cost center': 'MZ111S4201', 'country code': 'MZ'}"
insert,817,"{'cost center': 'MZ111S4201', 'country code': 'MZ'}"
insert,818,"{'cost center': 'MZ111S4201', 'country code': 'MZ'}"
insert,819,"{'cost center': 'MZ111S4201', 'country code': 'MZ'}"
insert,820,"{'cost center': 'MZ111S4201', 'country code': 'MZ'}"
insert,821,"{'cost center': 'MZ111S4201', 'country code': 'MZ'}"
insert,822,"{'cost center': 'MZ111S4201', 'country code': 'MZ'}"
insert,823,"{'cost center': 'MZ111S4201', 'country code': 'MZ'}"
insert,824,"{'cost center': 'MZ111S4201', 'country code': 'MZ'}"
insert,825,"{'cost center': 'MZ111S4201', 'country code': 'MZ'}"
insert,826,"{'cost center': 'MZ111S4201', 'country code': 'MZ'}"
insert,827,"{'cost center': 'MZ111S4201', 'country code': 'MZ'}"
insert,828,"{'cost center': 'MZ111S4201', 'country code': 'MZ'}"
insert,829,"{'cost center': 'MZ111S4201', 'country code': 'MZ'}"
insert,830,"{'cost center': 'MZ111S4201', 'country code': 'MZ'}"
insert,831,"{'cost center': 'MZ111S4201', 'country code': 'MZ'}"
insert,832,"{'cost center': 'MZ111S4201', 'country code': 'MZ'}"
insert,833,"{'cost center': 'MZ111S4201', 'country code': 'MZ'}"
insert,834,"{'cost center': 'MZ111S4201', 'country code': 'MZ'}"
insert,835,"{'cost center': 'MZ111S4201', 'country code': 'MZ'}"
insert,836,"{'cost center': 'MZ111S4201', 'country code': 'MZ'}"
insert,837,"{'cost center': 'MZ111S4201', 'country code': 'MZ'}"
insert,838,"{'cost center': 'MZ111S4201', 'country code': 'MZ'}"
insert,839,"{'cost center': 'MZ111S4201', 'country code': 'MZ'}"
insert,840,"{'cost center': 'MZ111S4201', 'country code': 'MZ'}"
insert,841,"{'cost center': 'MZ111S4201', 'country code': 'MZ'}"
insert,842,"{'cost center': 'MZ111S4201', 'country code': 'MZ'}"
insert,843,"{'cost center': 'MZ111S4201', 'country code': 'MZ'}"
insert,844,"{'cost center': 'MZ111S4201', 'country code': 'MZ'}"
insert,845,"{'cost center': 'MZ111S4201', 'country code': 'MZ'}"
insert,846,"{'cost center': 'MZ111S4201', 'country code': 'MZ'}"
insert,847,"{'cost center': 'MZ111S4201', 'country code': 'MZ'}"
insert,848,"{'cost center': 'MZ111S4201', 'country code': 'MZ'}"
insert,849,"{'cost center': 'NA111S0064', 'country code': nan}"
insert,850,"{'cost center': 'NA111S0064', 'country code': nan}"
insert,851,"{'cost center': 'NA111S0064', 'country code': nan}"
insert,852,"{'cost center': 'NA111S0064', 'country code': nan}"
insert,853,"{'cost center': 'NA111S0064', 'country code': nan}"
insert,854,"{'cost center': 'NA111S0064', 'country code': nan}"
insert,855,"{'cost center': 'NA111S0064', 'country code': nan}"
insert,856,"{'cost center': 'NA111S0064', 'country code': nan}"
insert,857,"{'cost center': 'NA111S0064', 'country code': nan}"
insert,858,"{'cost center': 'NA111S0064', 'country code': nan}"
insert,859,"{'cost center': 'NA111S0064', 'country code': nan}"
insert,860,"{'cost center': 'NA111S0064', 'country code': nan}"
insert,861,"{'cost center': 'NA111S0064', 'country code': nan}"
insert,862,"{'cost center': 'NA111S0064', 'country code': nan}"
insert,863,"{'cost center': 'NA111S0064', 'country code': nan}"
insert,864,"{'cost center': 'NA111S0064', 'country code': nan}"
insert,865,"{'cost center': 'NA111S0064', 'country code': nan}"
insert,866,"{'cost center': 'NA111S0064', 'country code': nan}"
insert,867,"{'cost center': 'NA111S0064', 'country code': nan}"
insert,868,"{'cost center': 'NA111S0064', 'country code': nan}"
insert,869,"{'cost center': 'NA111S0064', 'country code': nan}"
insert,870,"{'cost center': 'NA111S0064', 'country code': nan}"
insert,871,"{'cost center': 'NA111S0064', 'country code': nan}"
insert,872,"{'cost center': 'NA111S0064', 'country code': nan}"
insert,873,"{'cost center': 'NA111S0064', 'country code': nan}"
insert,874,"{'cost center': 'NA111S0064', 'country code': nan}"
insert,875,"{'cost center': 'NA111S0064', 'country code': nan}"
insert,876,"{'cost center': 'NA111S0064', 'country code': nan}"
insert,877,"{'cost center': 'NA111S0064', 'country code': nan}"
insert,878,"{'cost center': 'NA111S0064', 'country code': nan}"
insert,879,"{'cost center': 'NA111S0064', 'country code': nan}"
insert,880,"{'cost center': 'NA111S0064', 'country code': nan}"
insert,881,"{'cost center': 'NA111S0064', 'country code': nan}"
insert,882,"{'cost center': 'NA111S0064', 'country code': nan}"
insert,883,"{'cost center': 'NA111S0064', 'country code': nan}"
insert,884,"{'cost center': 'NA111S0064', 'country code': nan}"
insert,885,"{'cost center': 'NA111S0064', 'country code': nan}"
insert,923,"{'cost center': 'ZM111S2216', 'country code': 'ZM'}"
insert,924,"{'cost center': 'ZM111S2216', 'country code': 'ZM'}"
insert,925,"{'cost center': 'ZM111S2216', 'country code': 'ZM'}"
insert,926,"{'cost center': 'ZM111S2216', 'country code': 'ZM'}"
insert,927,"{'cost center': 'ZM111S2216', 'country code': 'ZM'}"
insert,928,"{'cost center': 'ZM111S2216', 'country code': 'ZM'}"
insert,929,"{'cost center': 'ZM111S2216', 'country code': 'ZM'}"
insert,930,"{'cost center': 'ZM111S2216', 'country code': 'ZM'}"
insert,931,"{'cost center': 'ZM111S2216', 'country code': 'ZM'}"
insert,932,"{'cost center': 'ZM111S2216', 'country code': 'ZM'}"
insert,933,"{'cost center': 'ZM111S2216', 'country code': 'ZM'}"
insert,934,"{'cost center': 'ZM111S2216', 'country code': 'ZM'}"
insert,935,"{'cost center': 'ZM111S2216', 'country code': 'ZM'}"
insert,936,"{'cost center': 'ZM111S2216', 'country code': 'ZM'}"
insert,937,"{'cost center': 'ZM111S2216', 'country code': 'ZM'}"
insert,938,"{'cost center': 'ZM111S2216', 'country code': 'ZM'}"
insert,939,"{'cost center': 'ZM111S2216', 'country code': 'ZM'}"
insert,940,"{'cost center': 'ZM111S2216', 'country code': 'ZM'}"
insert,941,"{'cost center': 'ZM111S2216', 'country code': 'ZM'}"
insert,942,"{'cost center': 'ZM111S2216', 'country code': 'ZM'}"
insert,943,"{'cost center': 'ZM111S2216', 'country code': 'ZM'}"
insert,944,"{'cost center': 'ZM111S2216', 'country code': 'ZM'}"
insert,945,"{'cost center': 'ZM111S2216', 'country code': 'ZM'}"
insert,946,"{'cost center': 'ZM111S2216', 'country code': 'ZM'}"
insert,947,"{'cost center': 'ZM111S2216', 'country code': 'ZM'}"
insert,948,"{'cost center': 'ZM111S2216', 'country code': 'ZM'}"
insert,949,"{'cost center': 'ZM111S2216', 'country code': 'ZM'}"
insert,950,"{'cost center': 'ZM111S2216', 'country code': 'ZM'}"
insert,951,"{'cost center': 'ZM111S2216', 'country code': 'ZM'}"
insert,952,"{'cost center': 'ZM111S2216', 'country code': 'ZM'}"
insert,953,"{'cost center': 'ZM111S2216', 'country code': 'ZM'}"
insert,954,"{'cost center': 'ZM111S2216', 'country code': 'ZM'}"
insert,955,"{'cost center': 'ZM111S2216', 'country code': 'ZM'}"
insert,956,"{'cost center': 'ZM111S2216', 'country code': 'ZM'}"
insert,957,"{'cost center': 'ZM111S2216', 'country code': 'ZM'}"
insert,958,"{'cost center': 'ZM111S2216', 'country code': 'ZM'}"
insert,959,"{'cost center': 'ZM111S2216', 'country code': 'ZM'}"
insert,997,"{'cost center': 'CG111S2219', 'country code': 'CG'}"
insert,998,"{'cost center': 'CG111S2219', 'country code': 'CG'}"
insert,999,"{'cost center': 'CG111S2219', 'country code': 'CG'}"
insert,1000,"{'cost center': 'CG111S2219', 'country code': 'CG'}"
insert,1001,"{'cost center': 'CG111S2219', 'country code': 'CG'}"
insert,1002,"{'cost center': 'CG111S2219', 'country code': 'CG'}"
insert,1003,"{'cost center': 'CG111S2219', 'country code': 'CG'}"
insert,1004,"{'cost center': 'CG111S2219', 'country code': 'CG'}"
insert,1005,"{'cost center': 'CG111S2219', 'country code': 'CG'}"
insert,1006,"{'cost center': 'CG111S2219', 'country code': 'CG'}"
insert,1007,"{'cost center': 'CG111S2219', 'country code': 'CG'}"
insert,1008,"{'cost center': 'CG111S2219', 'country code': 'CG'}"
insert,1009,"{'cost center': 'CG111S2219', 'country code': 'CG'}"
insert,1010,"{'cost center': 'CG111S2219', 'country code': 'CG'}"
insert,1011,"{'cost center': 'CG111S2219', 'country code': 'CG'}"
insert,1012,"{'cost center': 'CG111S2219', 'country code': 'CG'}"
insert,1013,"{'cost center': 'CG111S2219', 'country code': 'CG'}"
insert,1014,"{'cost center': 'CG111S2219', 'country code': 'CG'}"
insert,1015,"{'cost center': 'CG111S2219', 'country code': 'CG'}"
insert,1016,"{'cost center': 'CG111S2219', 'country code': 'CG'}"
insert,1017,"{'cost center': 'CG111S2219', 'country code': 'CG'}"
insert,1018,"{'cost center': 'CG111S2219', 'country code': 'CG'}"
insert,1019,"{'cost center': 'CG111S2219', 'country code': 'CG'}"
insert,1020,"{'cost center': 'CG111S2219', 'country code': 'CG'}"
insert,1021,"{'cost center': 'CG111S2219', 'country code': 'CG'}"
insert,1022,"{'cost center': 'CG111S2219', 'country code': 'CG'}"
insert,1023,"{'cost center': 'CG111S2219', 'country code': 'CG'}"
insert,1024,"{'cost center': 'CG111S2219', 'country code': 'CG'}"
insert,1025,"{'cost center': 'CG111S2219', 'country code': 'CG'}"
insert,1026,"{'cost center': 'CG111S2219', 'country code': 'CG'}"
insert,1027,"{'cost center': 'CG111S2219', 'country code': 'CG'}"
insert,1028,"{'cost center': 'CG111S2219', 'country code': 'CG'}"
insert,1029,"{'cost center': 'CG111S2219', 'country code': 'CG'}"
insert,1030,"{'cost center': 'CG111S2219', 'country code': 'CG'}"
insert,1031,"{'cost center': 'CG111S2219', 'country code': 'CG'}"
insert,1032,"{'cost center': 'CG111S2219', 'country code': 'CG'}"
insert,1033,"{'cost center': 'CG111S2219', 'country code': 'CG'}"
insert,1034,"{'cost center': 'GA111S0012', 'country code': 'Gabon'}"
insert,1035,"{'cost center': 'GA111S0012', 'country code': 'Gabon'}"
insert,1036,"{'cost center': 'GA111S0012', 'country code': 'Gabon'}"
insert,1037,"{'cost center': 'GA111S0012', 'country code': 'Gabon'}"
insert,1038,"{'cost center': 'GA111S0012', 'country code': 'Gabon'}"
insert,1039,"{'cost center': 'GA111S0012', 'country code': 'Gabon'}"
insert,1040,"{'cost center': 'GA111S0012', 'country code': 'Gabon'}"
insert,1041,"{'cost center': 'GA111S0012', 'country code': 'Gabon'}"
insert,1042,"{'cost center': 'GA111S0012', 'country code': 'Gabon'}"
insert,1043,"{'cost center': 'GA111S0012', 'country code': 'Gabon'}"
insert,1044,"{'cost center': 'GA111S0012', 'country code': 'Gabon'}"
insert,1045,"{'cost center': 'GA111S0012', 'country code': 'Gabon'}"
insert,1046,"{'cost center': 'GA111S0012', 'country code': 'Gabon'}"
insert,1047,"{'cost center': 'GA111S0012', 'country code': 'Gabon'}"
insert,1048,"{'cost center': 'GA111S0012', 'country code': 'Gabon'}"
insert,1049,"{'cost center': 'GA111S0012', 'country code': 'Gabon'}"
insert,1050,"{'cost center': 'GA111S0012', 'country code': 'Gabon'}"
insert,1051,"{'cost center': 'GA111S0012', 'country code': 'Gabon'}"
insert,1052,"{'cost center': 'GA111S0012', 'country code': 'Gabon'}"
insert,1053,"{'cost center': 'GA111S0012', 'country code': 'Gabon'}"
insert,1054,"{'cost center': 'GA111S0012', 'country code': 'Gabon'}"
insert,1055,"{'cost center': 'GA111S0012', 'country code': 'Gabon'}"
insert,1056,"{'cost center': 'GA111S0012', 'country code': 'Gabon'}"
insert,1057,"{'cost center': 'GA111S0012', 'country code': 'Gabon'}"
insert,1058,"{'cost center': 'GA111S0012', 'country code': 'Gabon'}"
insert,1059,"{'cost center': 'GA111S0012', 'country code': 'Gabon'}"
insert,1060,"{'cost center': 'GA111S0012', 'country code': 'Gabon'}"
insert,1061,"{'cost center': 'GA111S0012', 'country code': 'Gabon'}"
insert,1062,"{'cost center': 'GA111S0012', 'country code': 'Gabon'}"
insert,1063,"{'cost center': 'GA111S0012', 'country code': 'Gabon'}"
insert,1064,"{'cost center': 'GA111S0012', 'country code': 'Gabon'}"
insert,1065,"{'cost center': 'GA111S0012', 'country code': 'Gabon'}"
insert,1066,"{'cost center': 'GA111S0012', 'country code': 'Gabon'}"
insert,1067,"{'cost center': 'GA111S0012', 'country code': 'Gabon'}"
insert,1068,"{'cost center': 'GA111S0012', 'country code': 'Gabon'}"
insert,1069,"{'cost center': 'GA111S0012', 'country code': 'Gabon'}"
insert,1070,"{'cost center': 'GA111S0012', 'country code': 'Gabon'}"
insert,1071,"{'cost center': 'GQ111S0002', 'country code': 'GQ'}"
insert,1072,"{'cost center': 'GQ111S0002', 'country code': 'GQ'}"
insert,1073,"{'cost center': 'GQ111S0002', 'country code': 'GQ'}"
insert,1074,"{'cost center': 'GQ111S0002', 'country code': 'GQ'}"
insert,1075,"{'cost center': 'GQ111S0002', 'country code': 'GQ'}"
insert,1076,"{'cost center': 'GQ111S0002', 'country code': 'GQ'}"
insert,1077,"{'cost center': 'GQ111S0002', 'country code': 'GQ'}"
insert,1078,"{'cost center': 'GQ111S0002', 'country code': 'GQ'}"
insert,1079,"{'cost center': 'GQ111S0002', 'country code': 'GQ'}"
insert,1080,"{'cost center': 'GQ111S0002', 'country code': 'GQ'}"
insert,1081,"{'cost center': 'GQ111S0002', 'country code': 'GQ'}"
insert,1082,"{'cost center': 'GQ111S0002', 'country code': 'GQ'}"
insert,1083,"{'cost center': 'GQ111S0002', 'country code': 'GQ'}"
insert,1084,"{'cost center': 'GQ111S0002', 'country code': 'GQ'}"
insert,1085,"{'cost center': 'GQ111S0002', 'country code': 'GQ'}"
insert,1086,"{'cost center': 'GQ111S0002', 'country code': 'GQ'}"
insert,1087,"{'cost center': 'GQ111S0002', 'country code': 'GQ'}"
insert,1088,"{'cost center': 'GQ111S0002', 'country code': 'GQ'}"
insert,1089,"{'cost center': 'GQ111S0002', 'country code': 'GQ'}"
insert,1090,"{'cost center': 'GQ111S0002', 'country code': 'GQ'}"
insert,1091,"{'cost center': 'GQ111S0002', 'country code': 'GQ'}"
insert,1092,"{'cost center': 'GQ111S0002', 'country code': 'GQ'}"
insert,1093,"{'cost center': 'GQ111S0002', 'country code': 'GQ'}"
insert,1094,"{'cost center': 'GQ111S0002', 'country code': 'GQ'}"
insert,1095,"{'cost center': 'GQ111S0002', 'country code': 'GQ'}"
insert,1096,"{'cost center': 'GQ111S0002', 'country code': 'GQ'}"
insert,1097,"{'cost center': 'GQ111S0002', 'country code': 'GQ'}"
insert,1098,"{'cost center': 'GQ111S0002', 'country code': 'GQ'}"
insert,1099,"{'cost center': 'GQ111S0002', 'country code': 'GQ'}"
insert,1100,"{'cost center': 'GQ111S0002', 'country code': 'GQ'}"
insert,1101,"{'cost center': 'GQ111S0002', 'country code': 'GQ'}"
insert,1102,"{'cost center': 'GQ111S0002', 'country code': 'GQ'}"
insert,1103,"{'cost center': 'GQ111S0002', 'country code': 'GQ'}"
insert,1104,"{'cost center': 'GQ111S0002', 'country code': 'GQ'}"
insert,1105,"{'cost center': 'GQ111S0002', 'country code': 'GQ'}"
insert,1106,"{'cost center': 'GQ111S0002', 'country code': 'GQ'}"
insert,1107,"{'cost center': 'GQ111S0002', 'country code': 'GQ'}"
insert,1108,"{'cost center': 'KE111S0107', 'country code': 'Kenya'}"
insert,1109,"{'cost center': 'KE111S0107', 'country code': 'Kenya'}"
insert,1110,"{'cost center': 'KE111S0107', 'country code': 'Kenya'}"
insert,1111,"{'cost center': 'KE111S0107', 'country code': 'Kenya'}"
insert,1112,"{'cost center': 'KE111S0107', 'country code': 'Kenya'}"
insert,1113,"{'cost center': 'KE111S0107', 'country code': 'Kenya'}"
insert,1114,"{'cost center': 'KE111S0107', 'country code': 'Kenya'}"
insert,1115,"{'cost center': 'KE111S0107', 'country code': 'Kenya'}"
insert,1116,"{'cost center': 'KE111S0107', 'country code': 'Kenya'}"
insert,1117,"{'cost center': 'KE111S0107', 'country code': 'Kenya'}"
insert,1118,"{'cost center': 'KE111S0107', 'country code': 'Kenya'}"
insert,1119,"{'cost center': 'KE111S0107', 'country code': 'Kenya'}"
insert,1120,"{'cost center': 'KE111S0107', 'country code': 'Kenya'}"
insert,1121,"{'cost center': 'KE111S0107', 'country code': 'Kenya'}"
insert,1122,"{'cost center': 'KE111S0107', 'country code': 'Kenya'}"
insert,1123,"{'cost center': 'KE111S0107', 'country code': 'Kenya'}"
insert,1124,"{'cost center': 'KE111S0107', 'country code': 'Kenya'}"
insert,1125,"{'cost center': 'KE111S0107', 'country code': 'Kenya'}"
insert,1126,"{'cost center': 'KE111S0107', 'country code': 'Kenya'}"
insert,1127,"{'cost center': 'KE111S0107', 'country code': 'Kenya'}"
insert,1128,"{'cost center': 'KE111S0107', 'country code': 'Kenya'}"
insert,1129,"{'cost center': 'KE111S0107', 'country code': 'Kenya'}"
insert,1130,"{'cost center': 'KE111S0107', 'country code': 'Kenya'}"
insert,1131,"{'cost center': 'KE111S0107', 'country code': 'Kenya'}"
insert,1132,"{'cost center': 'KE111S0107', 'country code': 'Kenya'}"
insert,1133,"{'cost center': 'KE111S0107', 'country code': 'Kenya'}"
insert,1134,"{'cost center': 'KE111S0107', 'country code': 'Kenya'}"
insert,1135,"{'cost center': 'KE111S0107', 'country code': 'Kenya'}"
insert,1136,"{'cost center': 'KE111S0107', 'country code': 'Kenya'}"
insert,1137,"{'cost center': 'KE111S0107', 'country code': 'Kenya'}"
insert,1138,"{'cost center': 'KE111S0107', 'country code': 'Kenya'}"
insert,1139,"{'cost center': 'KE111S0107', 'country code': 'Kenya'}"
insert,1140,"{'cost center': 'KE111S0107', 'country code': 'Kenya'}"
insert,1141,"{'cost center': 'KE111S0107', 'country code': 'Kenya'}"
insert,1142,"{'cost center': 'KE111S0107', 'country code': 'Kenya'}"
insert,1143,"{'cost center': 'KE111S0107', 'country code': 'Kenya'}"
insert,1144,"{'cost center': 'KE111S0107', 'country code': 'Kenya'}"
